{
  "hyperparameter_optimization": {
    "best_params": {
      "learning_rate": 2.3e-05,
      "batch_size": 32,
      "weight_decay": 0.015,
      "warmup_ratio": 0.12,
      "augmentation_ratio": 0.8,
      "masking_probability": 0.18,
      "synonym_replacement_probability": 0.45
    },
    "best_score": 0.825,
    "simulation_mode": true,
    "optimization_completed": true
  },
  "cross_validation": {
    "cv_results": {
      "accuracy_scores": [
        0.7899342830602247,
        0.7772347139765763,
        0.7929537707620139,
        0.8104605971281605,
        0.7753169325055334
      ],
      "f1_scores": [
        0.7864879456457623,
        0.8136881922326109,
        0.8015115209372937,
        0.7829578842109758,
        0.7981384006537895
      ],
      "precision_scores": [
        0.7853001061321001,
        0.7725774164408737,
        0.7953733934776742,
        0.7913277946815825,
        0.7580677541804031
      ],
      "recall_scores": [
        0.7808650703533526,
        0.8035598810292667,
        0.8046539942632465,
        0.7738776434557637,
        0.7840153636404366
      ]
    },
    "mean_std_results": {
      "accuracy": {
        "mean": 0.7891800594865017,
        "std": 0.012669243081968979
      },
      "f1_score": {
        "mean": 0.7965567887360864,
        "std": 0.011016784092150256
      },
      "precision": {
        "mean": 0.7805292929825267,
        "std": 0.013619608529291064
      },
      "recall": {
        "mean": 0.7893943905484131,
        "std": 0.012457682769285426
      }
    },
    "best_fold_accuracy": 0.8104605971281605,
    "best_fold_f1": 0.8136881922326109,
    "simulation_mode": true
  },
  "configuration": {
    "model_name": null,
    "language_specific_models": {
      "es": "dccuchile/bert-base-spanish-wwm-cased",
      "hi": "ai4bharat/IndicBERTv2-mlm",
      "default": "xlm-roberta-large"
    },
    "training_epochs": 12,
    "batch_size": 32,
    "learning_rate": 2.3e-05,
    "augmentation_ratio": 0.8,
    "cross_validation_folds": 5,
    "hyperparameter_sweep_trials": 20,
    "use_mixed_precision": true
  },
  "metadata": {
    "pipeline_type": "Advanced Multilingual with Language-Specific Models",
    "advanced_features": [
      "Language-specific model selection",
      "StratifiedKFold cross-validation",
      "Hyperparameter optimization",
      "Enhanced data augmentation",
      "Mixed precision training"
    ],
    "model_configuration": {
      "primary_model": null,
      "language_models": {
        "es": "dccuchile/bert-base-spanish-wwm-cased",
        "hi": "ai4bharat/IndicBERTv2-mlm",
        "default": "xlm-roberta-large"
      },
      "training_epochs": 12,
      "augmentation_ratio": 0.8,
      "cv_folds": 5
    },
    "timestamp": "2025-06-21T14:23:50.262414",
    "author": "Sreevallabh Kakarala"
  }
}